Task ID,Module,Task Description,Priority,Effort Hours,Dependencies,Owner,Status,Notes
T001,3D Orbital Tracker,Optimize Three.js performance and reduce memory usage,High,8,None,Frontend Dev,Pending,"Address frame rate issues and memory leaks"
T002,Atlas Directive Game,Implement interactive narrative game logic,Medium,16,T001,Game Dev,Pending,"Core game mechanics and story branching"
T003,Performance Monitor,Re-enable and optimize performance monitoring,Low,4,T001,Frontend Dev,Pending,"Currently disabled due to React errors"
T004,API Routes,Add rate limiting and caching improvements,Medium,6,None,Backend Dev,Pending,"Enhance NASA API reliability"
T005,Error Handling,Add error tracking service integration,Low,4,None,DevOps,Pending,"Production error monitoring"
T006,Testing,Add comprehensive unit and integration tests,Medium,12,None,QA,Pending,"Improve test coverage"
T007,Documentation,Create API documentation and deployment guide,Low,6,None,Tech Writer,Pending,"Project documentation"
T008,SEO,Optimize meta tags and structured data,Low,3,None,SEO Specialist,Pending,"Search engine optimization"
T009,Security,Implement CSP headers and security audit,Medium,8,None,Security Dev,Pending,"Security hardening"
T010,Analytics,Add user analytics and conversion tracking,Low,4,None,Analytics Dev,Pending,"User behavior tracking"


